{"stat.walkOneCm":9571,"stat.craftItem.minecraft.planks":4,"stat.leaveGame":1,"stat.mineBlock.minecraft.double_plant":11,"stat.mobKills":1,"stat.mineBlock.minecraft.log":1,"stat.pickup.minecraft.log":1,"stat.flyOneCm":31824,"stat.pickup.minecraft.wheat_seeds":2,"stat.jump":109,"stat.mineBlock.minecraft.leaves":2,"stat.swimOneCm":272,"stat.playOneMinute":8798,"stat.fallOneCm":2984,"stat.killEntity.Sheep":1,"stat.sneakTime":33,"stat.pickup.minecraft.wool":1,"stat.damageDealt":100,"stat.crouchOneCm":90,"stat.timeSinceDeath":8798,"stat.sprintOneCm":12728,"stat.useItem.minecraft.spawn_egg":2,"stat.mineBlock.minecraft.tallgrass":19,"stat.pickup.minecraft.mutton":2}