{"stat.pickup.minecraft.bone":14,"stat.leaveGame":3,"stat.mineBlock.minecraft.cobblestone":2,"stat.mineBlock.minecraft.pumpkin":5,"stat.pickup.minecraft.flint":1,"stat.swimOneCm":47842,"stat.climbOneCm":861,"stat.pickup.minecraft.porkchop":7,"stat.useItem.minecraft.dirt":6,"stat.useItem.minecraft.stone_slab2":36,"stat.pickup.minecraft.rotten_flesh":149,"stat.craftItem.minecraft.furnace":2,"stat.entityKilledBy.Spider":1,"stat.craftItem.minecraft.stone_axe":1,"stat.craftItem.minecraft.stone_pickaxe":1,"stat.pickup.minecraft.cobblestone":121,"stat.craftItem.minecraft.stone_sword":1,"stat.flyOneCm":517883,"stat.pickup.minecraft.redstone":856,"stat.mineBlock.minecraft.iron_ore":101,"stat.timeSinceDeath":407,"stat.useItem.minecraft.iron_pickaxe":162,"stat.craftItem.minecraft.wooden_pickaxe":1,"stat.pickup.minecraft.mutton":105,"stat.pickup.minecraft.mossy_cobblestone":1,"stat.craftItem.minecraft.bed":1,"stat.useItem.minecraft.potato":2,"stat.furnaceInteraction":28,"stat.useItem.minecraft.cooked_porkchop":7,"stat.mineBlock.minecraft.coal_ore":107,"stat.killEntity.Creeper":3,"stat.talkedToVillager":4,"stat.pickup.minecraft.string":9,"stat.pickup.minecraft.beef":273,"stat.pickup.minecraft.furnace":4,"stat.useItem.minecraft.cooked_mutton":7,"stat.entityKilledBy.Skeleton":5,"stat.craftItem.minecraft.stone_slab2":0,"stat.killEntity.Squid":1,"stat.sprintOneCm":496315,"stat.craftItem.minecraft.stick":20,"stat.mineBlock.minecraft.crafting_table":7,"stat.craftItem.ironfurnaces.gold_furnace_idle":1,"stat.entityKilledBy.Creeper":3,"stat.useItem.flammpfeil.slashblade.slashbladewood":63,"stat.deaths":12,"stat.pickup.minecraft.egg":23,"stat.playOneMinute":146508,"stat.killEntity.Sheep":8,"stat.killEntity.cqr_skeleton":3,"stat.craftItem.minecraft.iron_pickaxe":1,"stat.pickup.minecraft.slime_ball":8,"stat.killEntity.Zombie":7,"stat.mineBlock.ironfurnaces.iron_furnace_active":3,"stat.mineBlock.minecraft.tallgrass":17,"stat.craftItem.minecraft.cooked_mutton":7,"stat.diveOneCm":7986,"stat.pickup.minecraft.wheat":120,"stat.chestOpened":1,"stat.pickup.minecraft.pumpkin":22,"stat.mineBlock.minecraft.mossy_cobblestone":1,"stat.craftItem.ironfurnaces.iron_furnace_idle":1,"stat.pickup.minecraft.gravel":12,"stat.pickup.minecraft.arrow":15,"stat.craftItem.minecraft.cooked_porkchop":7,"stat.killEntity.Slime":6,"stat.mineBlock.ironfurnaces.gold_furnace_active":1,"stat.useItem.minecraft.rotten_flesh":8,"stat.jump":2917,"stat.pickup.minecraft.coal":2002,"stat.fallOneCm":65460,"stat.pickup.minecraft.iron_ingot":8,"stat.craftItem.flammpfeil.slashblade.slashbladewood":1,"stat.useItem.minecraft.stone_axe":62,"stat.pickup.minecraft.gunpowder":18,"stat.crouchOneCm":1305,"stat.pickup.minecraft.spider_eye":2,"stat.craftItem.minecraft.torch":36,"stat.craftItem.minecraft.iron_ingot":4,"stat.pickup.minecraft.dirt":31,"stat.useItem.minecraft.cooked_chicken":2,"stat.craftingTableInteraction":21,"stat.pickup.minecraft.iron_ore":100,"stat.boatOneCm":52332,"stat.mineBlock.minecraft.leaves2":2,"stat.damageTaken":5060,"stat.pickup.minecraft.feather":165,"stat.pickup.minecraft.leather":183,"stat.mineBlock.minecraft.furnace":4,"stat.mineBlock.minecraft.torch":3,"stat.useItem.minecraft.wooden_pickaxe":18,"stat.dispenserInspected":2,"stat.craftItem.minecraft.wooden_sword":1,"stat.pickup.minecraft.dye":4,"stat.pickup.minecraft.reeds":16,"stat.pickup.minecraft.bed":5,"stat.pickup.minecraft.wheat_seeds":8,"stat.pickup.minecraft.potato":94,"stat.pickup.ironfurnaces.iron_furnace_idle":3,"stat.entityKilledBy.Zombie":1,"stat.mineBlock.minecraft.gravel":6,"stat.useItem.minecraft.stone_pickaxe":131,"stat.useItem.minecraft.stone_sword":137,"stat.damageDealt":8453,"stat.sleepInBed":4,"stat.craftItem.minecraft.baked_potato":12,"stat.killEntity.Cow":6,"stat.mineBlock.minecraft.dirt":16,"stat.killEntity.Pig":3,"stat.pickup.minecraft.boat":1,"stat.walkOneCm":401267,"stat.useItem.minecraft.torch":21,"stat.pickup.flammpfeil.slashblade.proudsoul":1,"stat.pickup.minecraft.crafting_table":53,"stat.useItem.minecraft.cobblestone":49,"stat.craftItem.minecraft.crafting_table":2,"stat.useItem.minecraft.gravel":2,"stat.mineBlock.minecraft.double_plant":1,"stat.craftItem.minecraft.boat":1,"stat.pickup.minecraft.log":13,"stat.pickup.minecraft.stone":112,"stat.pickup.minecraft.baked_potato":6,"stat.pickup.minecraft.chicken":103,"stat.pickup.ironfurnaces.gold_furnace_idle":1,"stat.entityKilledBy.cqr_skeleton":1,"stat.pickup.minecraft.sapling":13,"stat.killEntity.Skeleton":11,"stat.craftItem.spartanshields.shield_tower_wood":1,"stat.craftItem.minecraft.planks":44,"stat.killEntity.Chicken":2,"stat.killEntity.Spider":5,"stat.pickup.minecraft.stone_sword":1,"stat.mobKills":60,"stat.mineBlock.minecraft.log":12,"stat.craftItem.minecraft.cooked_chicken":2,"stat.useItem.minecraft.boat":1,"stat.mineBlock.minecraft.leaves":33,"stat.pickup.minecraft.torch":6,"stat.sneakTime":2775,"stat.pickup.minecraft.wool":9,"stat.useItem.minecraft.baked_potato":15,"stat.mineBlock.minecraft.stone":87}