{"stat.pickup.minecraft.bone":14,"stat.craftItem.ironfurnaces.iron_furnace_idle":1,"stat.pickup.minecraft.gravel":12,"stat.leaveGame":2,"stat.pickup.minecraft.arrow":15,"stat.craftItem.minecraft.cooked_porkchop":7,"stat.mineBlock.minecraft.cobblestone":2,"stat.killEntity.Slime":6,"stat.pickup.minecraft.flint":1,"stat.useItem.minecraft.rotten_flesh":8,"stat.swimOneCm":32277,"stat.jump":1742,"stat.pickup.minecraft.coal":207,"stat.fallOneCm":37949,"stat.pickup.minecraft.iron_ingot":8,"stat.craftItem.flammpfeil.slashblade.slashbladewood":1,"stat.useItem.minecraft.stone_axe":19,"stat.pickup.minecraft.porkchop":7,"stat.crouchOneCm":1304,"stat.pickup.minecraft.spider_eye":1,"stat.craftItem.minecraft.torch":20,"stat.craftItem.minecraft.iron_ingot":4,"stat.pickup.minecraft.dirt":13,"stat.useItem.minecraft.dirt":6,"stat.useItem.minecraft.stone_slab2":26,"stat.craftingTableInteraction":20,"stat.pickup.minecraft.iron_ore":100,"stat.pickup.minecraft.rotten_flesh":8,"stat.craftItem.minecraft.furnace":2,"stat.boatOneCm":52332,"stat.entityKilledBy.Spider":1,"stat.craftItem.minecraft.stone_axe":1,"stat.mineBlock.minecraft.leaves2":1,"stat.damageTaken":4250,"stat.craftItem.minecraft.stone_pickaxe":1,"stat.mineBlock.minecraft.furnace":4,"stat.mineBlock.minecraft.torch":2,"stat.useItem.minecraft.wooden_pickaxe":18,"stat.pickup.minecraft.cobblestone":121,"stat.craftItem.minecraft.wooden_sword":1,"stat.pickup.minecraft.dye":4,"stat.pickup.minecraft.reeds":14,"stat.craftItem.minecraft.stone_sword":1,"stat.flyOneCm":308828,"stat.pickup.minecraft.bed":1,"stat.pickup.minecraft.wheat_seeds":1,"stat.pickup.ironfurnaces.iron_furnace_idle":1,"stat.entityKilledBy.Zombie":1,"stat.mineBlock.minecraft.gravel":6,"stat.useItem.minecraft.stone_pickaxe":131,"stat.useItem.minecraft.stone_sword":134,"stat.damageDealt":6403,"stat.mineBlock.minecraft.iron_ore":101,"stat.sleepInBed":1,"stat.timeSinceDeath":15961,"stat.mineBlock.minecraft.dirt":13,"stat.useItem.minecraft.iron_pickaxe":158,"stat.craftItem.minecraft.wooden_pickaxe":1,"stat.killEntity.Pig":3,"stat.pickup.minecraft.mutton":105,"stat.pickup.minecraft.boat":1,"stat.walkOneCm":243552,"stat.craftItem.minecraft.bed":1,"stat.useItem.minecraft.torch":18,"stat.pickup.flammpfeil.slashblade.proudsoul":1,"stat.pickup.minecraft.crafting_table":52,"stat.useItem.minecraft.cobblestone":49,"stat.craftItem.minecraft.crafting_table":2,"stat.furnaceInteraction":22,"stat.useItem.minecraft.gravel":2,"stat.useItem.minecraft.cooked_porkchop":7,"stat.mineBlock.minecraft.double_plant":1,"stat.mineBlock.minecraft.coal_ore":107,"stat.craftItem.minecraft.boat":1,"stat.killEntity.Creeper":1,"stat.pickup.minecraft.log":13,"stat.pickup.minecraft.string":3,"stat.pickup.minecraft.furnace":4,"stat.useItem.minecraft.cooked_mutton":7,"stat.entityKilledBy.Skeleton":4,"stat.craftItem.minecraft.stone_slab2":0,"stat.pickup.minecraft.stone":9,"stat.entityKilledBy.cqr_skeleton":1,"stat.pickup.minecraft.sapling":6,"stat.killEntity.Squid":1,"stat.sprintOneCm":243880,"stat.craftItem.minecraft.stick":16,"stat.killEntity.Skeleton":11,"stat.craftItem.spartanshields.shield_tower_wood":1,"stat.craftItem.minecraft.planks":44,"stat.killEntity.Spider":3,"stat.mineBlock.minecraft.crafting_table":6,"stat.pickup.minecraft.stone_sword":1,"stat.mobKills":46,"stat.mineBlock.minecraft.log":12,"stat.entityKilledBy.Creeper":3,"stat.useItem.flammpfeil.slashblade.slashbladewood":63,"stat.useItem.minecraft.boat":1,"stat.deaths":11,"stat.mineBlock.minecraft.leaves":25,"stat.playOneMinute":96462,"stat.pickup.minecraft.torch":5,"stat.killEntity.Sheep":8,"stat.killEntity.cqr_skeleton":3,"stat.sneakTime":2743,"stat.craftItem.minecraft.iron_pickaxe":1,"stat.pickup.minecraft.slime_ball":8,"stat.pickup.minecraft.wool":9,"stat.killEntity.Zombie":6,"stat.mineBlock.ironfurnaces.iron_furnace_active":1,"stat.mineBlock.minecraft.stone":87,"stat.mineBlock.minecraft.tallgrass":15,"stat.craftItem.minecraft.cooked_mutton":7,"stat.diveOneCm":3850}