{
  "minecraft:recipes/building_blocks/oak_planks": {
    "criteria": {
      "has_log": "2024-06-13 19:16:41 +0000"
    },
    "done": true
  },
  "iceandfire:iceandfire/root": {
    "criteria": {
      "tick": "2024-06-13 19:13:17 +0000"
    },
    "done": true
  },
  "mowziesmobs:root": {
    "criteria": {
      "custom_test_name": "2024-06-13 19:13:17 +0000"
    },
    "done": true
  },
  "flammpfeil.slashblade:root": {
    "criteria": {
      "attackTheEntity": "2024-06-13 19:18:11 +0000"
    },
    "done": false
  },
  "minecraft:adventure/adventuring_time": {
    "criteria": {
      "forest": "2024-06-13 19:15:33 +0000",
      "beaches": "2024-06-13 19:13:17 +0000",
      "forest_hills": "2024-06-13 19:19:04 +0000",
      "savanna": "2024-06-13 19:17:53 +0000",
      "plains": "2024-06-13 19:19:01 +0000",
      "savanna_rock": "2024-06-13 19:18:00 +0000",
      "ocean": "2024-06-13 19:17:46 +0000",
      "river": "2024-06-13 19:17:51 +0000",
      "desert": "2024-06-13 19:20:19 +0000"
    },
    "done": false
  }
}